type_produit;ean;nom;marque;fournisseur;reference_fournisseur;prix_fournisseur_ht;taux_tva_achat;quantite_stock;categorie_site;theme_template;famille_produit;longueur;largeur;hauteur;poids;image_principale;image_2;image_3;statut_stock;eligible_papier_cadeau;fiche_a_terminer;url_fiche_stor
stock;8412497317868;Mug thermoréactif Stitch Aloha 325 ml;Stitch;Stor;31786;7,14;0;12;Mugs;Template STOCK Mugs Vaisselle;Objets - mugs, vaisselle, papeterie, figurines, déco, jeux;11,1;8,5;10,2;0,349;https://storline.com/3538504-large_default/taza-ceramica-325-ml-changing-color-en-caja-regalo-stitch-aloha.jpg;https://storline.com/3538506-large_default/taza-ceramica-325-ml-changing-color-en-caja-regalo-stitch-aloha.jpg;https://storline.com/3538508-large_default/taza-ceramica-325-ml-changing-color-en-caja-regalo-stitch-aloha.jpg;actif;1;1;https://storline.com/es/tazas/1686-taza-ceramica-325-ml-changing-color-en-caja-regalo-stitch-aloha-8412497317868.html
stock;8412497310661;Mug thermoréactif Harry Potter Magic & Mayhem 325 ml;Harry Potter;Stor;31066;7,14;0;12;Mugs;Template STOCK Mugs Vaisselle;Objets - mugs, vaisselle, papeterie, figurines, déco, jeux;11,1;8,5;10,2;0,349;https://storline.com/3537682-large_default/taza-ceramica-325-ml-changing-color-en-caja-regalo-harry-potter-magic-mayhem.jpg;https://storline.com/3537684-large_default/taza-ceramica-325-ml-changing-color-en-caja-regalo-harry-potter-magic-mayhem.jpg;https://storline.com/3537687-large_default/taza-ceramica-325-ml-changing-color-en-caja-regalo-harry-potter-magic-mayhem.jpg;actif;1;1;https://storline.com/es/tazas/1549-taza-ceramica-325-ml-changing-color-en-caja-regalo-harry-potter-magic-mayhem-8412497310661.html
stock;8412497316663;Mug thermoréactif Pokémon Metal Meltdown 325 ml;Pokémon;Stor;31666;7,14;0;12;Mugs;Template STOCK Mugs Vaisselle;Objets - mugs, vaisselle, papeterie, figurines, déco, jeux;11,1;8,5;10,2;0,349;https://storline.com/3538098-large_default/taza-ceramica-325-ml-changing-color-en-caja-regalo-pokemon-metal-meltdown.jpg;https://storline.com/3538100-large_default/taza-ceramica-325-ml-changing-color-en-caja-regalo-pokemon-metal-meltdown.jpg;https://storline.com/3538103-large_default/taza-ceramica-325-ml-changing-color-en-caja-regalo-pokemon-metal-meltdown.jpg;actif;1;1;https://storline.com/es/tazas/1659-taza-ceramica-325-ml-changing-color-en-caja-regalo-pokemon-metal-meltdown-8412497316663.html
stock;8412497787401;Mug thermoréactif Super Mario 325 ml;Super Mario;Stor;78740;7,14;0;12;Mugs;Template STOCK Mugs Vaisselle;Objets - mugs, vaisselle, papeterie, figurines, déco, jeux;11,1;8,5;10,2;0,349;https://storline.com/3539409-large_default/taza-ceramica-325-ml-changing-color-en-caja-regalo-super-mario-inlc.jpg;https://storline.com/3539411-large_default/taza-ceramica-325-ml-changing-color-en-caja-regalo-super-mario-inlc.jpg;https://storline.com/3539413-large_default/taza-ceramica-325-ml-changing-color-en-caja-regalo-super-mario-inlc.jpg;actif;1;1;https://storline.com/es/tazas/1727-taza-ceramica-325-ml-changing-color-en-caja-regalo-super-mario-inlc-8412497787401.html
stock;8412497317097;Gourde isotherme en inox Stitch Aloha 515 ml;Stitch;Stor;31709;12,86;0;6;Gourdes;Template STOCK Mugs Vaisselle;Objets - mugs, vaisselle, papeterie, figurines, déco, jeux;7,1;7,1;24,2;0,325;https://storline.com/3538241-large_default/botella-termo-acero-inoxidable-515-ml-stitch-aloha-.jpg;https://storline.com/3538244-large_default/botella-termo-acero-inoxidable-515-ml-stitch-aloha-.jpg;https://storline.com/3538246-large_default/botella-termo-acero-inoxidable-515-ml-stitch-aloha-.jpg;actif;1;1;https://storline.com/es/botellas/1669-botella-termo-acero-inoxidable-515-ml-stitch-aloha--8412497317097.html
stock;8412497310098;Gourde isotherme en inox Harry Potter Magic & Mayhem 515 ml;Harry Potter;Stor;31009;12,86;0;6;Gourdes;Template STOCK Mugs Vaisselle;Objets - mugs, vaisselle, papeterie, figurines, déco, jeux;7,1;7,1;24,2;0,325;https://storline.com/3537533-large_default/botella-termo-acero-inoxidable-515-ml-harry-potter-magic-mayhem.jpg;https://storline.com/3537536-large_default/botella-termo-acero-inoxidable-515-ml-harry-potter-magic-mayhem.jpg;https://storline.com/3537538-large_default/botella-termo-acero-inoxidable-515-ml-harry-potter-magic-mayhem.jpg;actif;1;1;https://storline.com/es/botellas/1537-botella-termo-acero-inoxidable-515-ml-harry-potter-magic-mayhem-8412497310098.html
stock;8412497317646;Bol à ramen avec baguettes Stitch Aloha;Stitch;Stor;31764;11,04;0;6;Bols;Template STOCK Mugs Vaisselle;Objets - mugs, vaisselle, papeterie, figurines, déco, jeux;18;13,7;10,2;0,385;https://storline.com/3538445-large_default/cuenco-ramen-con-palillos-en-caja-regalo-stitch-aloha.jpg;https://storline.com/3538448-large_default/cuenco-ramen-con-palillos-en-caja-regalo-stitch-aloha.jpg;https://storline.com/3538451-large_default/cuenco-ramen-con-palillos-en-caja-regalo-stitch-aloha.jpg;actif;1;1;https://storline.com/es/cuencos/1683-cuenco-ramen-con-palillos-en-caja-regalo-stitch-aloha-8412497317646.html
stock;8412497798339;Boule à neige en verre Harry Potter;Harry Potter;Stor;79833;5,53;0;6;Boules à neige;Template STOCK Décorations;Objets - mugs, vaisselle, papeterie, figurines, déco, jeux;7;7;9,5;0,240;https://storline.com/3539601-large_default/globo-de-nieve-harry-potter-en-caja-de-regalo.jpg;https://storline.com/3539602-large_default/globo-de-nieve-harry-potter-en-caja-de-regalo.jpg;https://storline.com/3539603-large_default/globo-de-nieve-harry-potter-en-caja-de-regalo.jpg;actif;1;1;https://storline.com/es/bolas-nieve/1353-globo-de-nieve-harry-potter-en-caja-de-regalo-8412497798339.html
stock;8412497798322;Boule à neige en verre Stitch;Stitch;Stor;79832;5,53;0;6;Boules à neige;Template STOCK Décorations;Objets - mugs, vaisselle, papeterie, figurines, déco, jeux;7;7;9,5;0,240;https://storline.com/3539598-large_default/globo-de-nieve-stitch-en-caja-de-regalo.jpg;https://storline.com/3539599-large_default/globo-de-nieve-stitch-en-caja-de-regalo.jpg;https://storline.com/3539600-large_default/globo-de-nieve-stitch-en-caja-de-regalo.jpg;actif;1;1;https://storline.com/es/bolas-nieve/1352-globo-de-nieve-stitch-en-caja-de-regalo-8412497798322.html
stock;8412497798308;Boule à neige en verre Mickey;Mickey;Stor;79830;5,53;0;6;Boules à neige;Template STOCK Décorations;Objets - mugs, vaisselle, papeterie, figurines, déco, jeux;7;7;9,5;0,240;https://storline.com/3539592-large_default/globo-de-nieve-mickey-en-caja-de-regalo.jpg;https://storline.com/3539593-large_default/globo-de-nieve-mickey-en-caja-de-regalo.jpg;https://storline.com/3539594-large_default/globo-de-nieve-mickey-en-caja-de-regalo.jpg;actif;1;1;https://storline.com/es/bolas-nieve/1350-globo-de-nieve-mickey-en-caja-de-regalo-8412497798308.html
stock;8412497004072;Mug petit-déjeuner Dragon Ball 400 ml;Dragon Ball;Stor;407;5,84;0;12;Mugs;Template STOCK Mugs Vaisselle;Objets - mugs, vaisselle, papeterie, figurines, déco, jeux;9,6;9,6;9;0,341;https://storline.com/3535855-large_default/taza-ceramica-desayuno-400-ml-en-caja-regalo-dragon-ball.jpg;https://storline.com/3535856-large_default/taza-ceramica-desayuno-400-ml-en-caja-regalo-dragon-ball.jpg;https://storline.com/3535857-large_default/taza-ceramica-desayuno-400-ml-en-caja-regalo-dragon-ball.jpg;actif;1;1;https://storline.com/es/tazas/11-taza-ceramica-desayuno-400-ml-en-caja-regalo-dragon-ball-8412497004072.html
stock;8412497101092;Gourde figurine 3D Bluey 560 ml;Bluey;Stor;10109;5,41;0;6;Gourdes;Template STOCK Mugs Vaisselle;Objets - mugs, vaisselle, papeterie, figurines, déco, jeux;7;7;25;0,106;https://storline.com/3536157-large_default/botella-figurita-3d-560-ml-bluey.jpg;https://storline.com/3536159-large_default/botella-figurita-3d-560-ml-bluey.jpg;https://storline.com/3536161-large_default/botella-figurita-3d-560-ml-bluey.jpg;actif;1;1;https://storline.com/es/botellas-cantimploras-infantiles/1181-botella-figurita-3d-560-ml-bluey-8412497101092.html
stock;8412497816545;Gourde figurine 3D Pat' Patrouille Rescue Pups 560 ml;Pat Patrouille;Stor;81654;5,41;0;6;Gourdes;Template STOCK Mugs Vaisselle;Objets - mugs, vaisselle, papeterie, figurines, déco, jeux;7;7;24,5;0,102;https://storline.com/3530516-large_default/botella-figurita-3d-560-ml-paw-patrol-boy-rescue-pups.jpg;https://storline.com/3530518-large_default/botella-figurita-3d-560-ml-paw-patrol-boy-rescue-pups.jpg;https://storline.com/3530519-large_default/botella-figurita-3d-560-ml-paw-patrol-boy-rescue-pups.jpg;actif;1;1;https://storline.com/es/botellas-cantimploras-infantiles/803-botella-figurita-3d-560-ml-paw-patrol-boy-rescue-pups-8412497816545.html
stock;8412497835546;Gourde figurine 3D Spider-Man Moving Target 560 ml;Spider-Man;Stor;83554;5,41;0;6;Gourdes;Template STOCK Mugs Vaisselle;Objets - mugs, vaisselle, papeterie, figurines, déco, jeux;7;7;24,5;0,102;https://storline.com/3530894-large_default/botella-figurita-3d-560-ml-spiderman-moving-target.jpg;https://storline.com/3530895-large_default/botella-figurita-3d-560-ml-spiderman-moving-target.jpg;https://storline.com/3530896-large_default/botella-figurita-3d-560-ml-spiderman-moving-target.jpg;actif;1;1;https://storline.com/es/botellas-cantimploras-infantiles/924-botella-figurita-3d-560-ml-spiderman-moving-target-8412497835546.html
stock;8412497810543;Gourde figurine 3D La Reine des Neiges Snowy Tale 560 ml;La Reine des Neiges;Stor;81054;5,41;0;6;Gourdes;Template STOCK Mugs Vaisselle;Objets - mugs, vaisselle, papeterie, figurines, déco, jeux;7;7;24,5;0,102;https://storline.com/3529799-large_default/botella-figurita-3d-560-ml-frozen-snowy-tale.jpg;https://storline.com/3529801-large_default/botella-figurita-3d-560-ml-frozen-snowy-tale.jpg;https://storline.com/3529802-large_default/botella-figurita-3d-560-ml-frozen-snowy-tale.jpg;actif;1;1;https://storline.com/es/botellas-cantimploras-infantiles/672-botella-figurita-3d-560-ml-frozen-snowy-tale-8412497810543.html
stock;8412497748600;Gourde figurine 3D Stitch Flowers 560 ml;Stitch;Stor;74860;5,41;0;6;Gourdes;Template STOCK Mugs Vaisselle;Objets - mugs, vaisselle, papeterie, figurines, déco, jeux;7;7;25;0,106;https://storline.com/3538767-large_default/botella-figurita-3d-560-ml-stitch-flowers.jpg;https://storline.com/3538769-large_default/botella-figurita-3d-560-ml-stitch-flowers.jpg;https://storline.com/3538771-large_default/botella-figurita-3d-560-ml-stitch-flowers.jpg;actif;1;1;https://storline.com/es/botellas-cantimploras-infantiles/1269-botella-figurita-3d-560-ml-stitch-flowers-8412497748600.html
stock;8412497506378;Boîte à goûter multi-compartiments Bluey;Bluey;Stor;50637;3,88;0;6;Lunch box;Template STOCK Mugs Vaisselle;Objets - mugs, vaisselle, papeterie, figurines, déco, jeux;18;16;6,2;0,205;https://storline.com/3538436-large_default/sandwichera-multiple-suprema-bluey.jpg;https://storline.com/3538439-large_default/sandwichera-multiple-suprema-bluey.jpg;https://storline.com/3538443-large_default/sandwichera-multiple-suprema-bluey.jpg;actif;1;1;https://storline.com/es/sandwicheras-fiambreras-infantiles/454-sandwichera-multiple-suprema-bluey-8412497506378.html
stock;8412497816378;Boîte à goûter multi-compartiments Pat' Patrouille Rescue Pups;Pat Patrouille;Stor;81637;3,88;0;6;Lunch box;Template STOCK Mugs Vaisselle;Objets - mugs, vaisselle, papeterie, figurines, déco, jeux;18;16;6,2;0,205;https://storline.com/3530438-large_default/sandwichera-multiple-suprema-paw-patrol-boy-rescue-pups.jpg;https://storline.com/3530439-large_default/sandwichera-multiple-suprema-paw-patrol-boy-rescue-pups.jpg;https://storline.com/3530441-large_default/sandwichera-multiple-suprema-paw-patrol-boy-rescue-pups.jpg;actif;1;1;https://storline.com/es/sandwicheras-fiambreras-infantiles/790-sandwichera-multiple-suprema-paw-patrol-boy-rescue-pups-8412497816378.html
stock;8412497835379;Boîte à goûter multi-compartiments Spider-Man Moving Target;Spider-Man;Stor;83537;3,88;0;6;Lunch box;Template STOCK Mugs Vaisselle;Objets - mugs, vaisselle, papeterie, figurines, déco, jeux;18;16;6,2;0,205;https://storline.com/3530825-large_default/sandwichera-multiple-suprema-spiderman-moving-target.jpg;https://storline.com/3530827-large_default/sandwichera-multiple-suprema-spiderman-moving-target.jpg;https://storline.com/3530829-large_default/sandwichera-multiple-suprema-spiderman-moving-target.jpg;actif;1;1;https://storline.com/es/sandwicheras-fiambreras-infantiles/911-sandwichera-multiple-suprema-spiderman-moving-target-8412497835379.html
stock;8412497750375;Boîte à goûter multi-compartiments Stitch Drawing;Stitch;Stor;75037;3,88;0;6;Lunch box;Template STOCK Mugs Vaisselle;Objets - mugs, vaisselle, papeterie, figurines, déco, jeux;18;16;6,2;0,205;https://storline.com/3539050-large_default/sandwichera-multiple-suprema-stitch-drawing.jpg;https://storline.com/3539052-large_default/sandwichera-multiple-suprema-stitch-drawing.jpg;;actif;1;1;https://storline.com/es/sandwicheras-fiambreras-infantiles/1106-sandwichera-multiple-suprema-stitch-drawing-8412497750375.html
stock;8412497808373;Boîte à goûter multi-compartiments Pokémon Blue Team;Pokémon;Stor;80837;3,88;0;6;Lunch box;Template STOCK Mugs Vaisselle;Objets - mugs, vaisselle, papeterie, figurines, déco, jeux;18;16;6,2;0,205;https://storline.com/3540415-large_default/sandwichera-multiple-suprema-pokemon-blue-team.jpg;https://storline.com/3540416-large_default/sandwichera-multiple-suprema-pokemon-blue-team.jpg;https://storline.com/3540417-large_default/sandwichera-multiple-suprema-pokemon-blue-team.jpg;actif;1;1;https://storline.com/es/sandwicheras-fiambreras-infantiles/1749-sandwichera-multiple-suprema-pokemon-blue-team-8412497808373.html
stock;8412497212507;Set de vaisselle 5 pièces Gabby et la Maison Magique;Gabby;Stor;21250;5,11;0;6;Sets de vaisselle;Template STOCK Mugs Vaisselle;Objets - mugs, vaisselle, papeterie, figurines, déco, jeux;25,5;8,5;25;0,186;https://storline.com/3537199-large_default/set-micro-5-pcs-plato-cuenco-vaso-y-cubiertos-en-caja-gabby-s-dollhouse-bab.jpg;https://storline.com/3537201-large_default/set-micro-5-pcs-plato-cuenco-vaso-y-cubiertos-en-caja-gabby-s-dollhouse-bab.jpg;https://storline.com/3537203-large_default/set-micro-5-pcs-plato-cuenco-vaso-y-cubiertos-en-caja-gabby-s-dollhouse-bab.jpg;actif;1;1;https://storline.com/es/vajillas-infantiles/294-set-micro-5-pcs-plato-cuenco-vaso-y-cubiertos-en-caja-gabby-s-dollhouse-bab-8412497212507.html
stock;8412497818501;Set de vaisselle 5 pièces Pat' Patrouille Superpowers;Pat Patrouille;Stor;81850;5,11;0;6;Sets de vaisselle;Template STOCK Mugs Vaisselle;Objets - mugs, vaisselle, papeterie, figurines, déco, jeux;25,5;8,5;25;0,186;https://storline.com/3530594-large_default/set-micro-5-pcs-plato-cuenco-vaso-y-cubiertos-en-caja-paw-patrol-girl-superpowers.jpg;https://storline.com/3530596-large_default/set-micro-5-pcs-plato-cuenco-vaso-y-cubiertos-en-caja-paw-patrol-girl-superpowers.jpg;https://storline.com/3530597-large_default/set-micro-5-pcs-plato-cuenco-vaso-y-cubiertos-en-caja-paw-patrol-girl-superpowers.jpg;actif;1;1;https://storline.com/es/vajillas-infantiles/852-set-micro-5-pcs-plato-cuenco-vaso-y-cubiertos-en-caja-paw-patrol-girl-superpowers-8412497818501.html
stock;8412497812509;Set de vaisselle 5 pièces Minnie Bold Florals;Minnie;Stor;81250;5,11;0;6;Sets de vaisselle;Template STOCK Mugs Vaisselle;Objets - mugs, vaisselle, papeterie, figurines, déco, jeux;25,5;8,5;25;0,186;https://storline.com/3530201-large_default/set-micro-5-pcs-plato-cuenco-vaso-y-cubiertos-en-caja-minnie-bold-florals.jpg;https://storline.com/3530202-large_default/set-micro-5-pcs-plato-cuenco-vaso-y-cubiertos-en-caja-minnie-bold-florals.jpg;https://storline.com/3530203-large_default/set-micro-5-pcs-plato-cuenco-vaso-y-cubiertos-en-caja-minnie-bold-florals.jpg;actif;1;1;https://storline.com/es/vajillas-infantiles/742-set-micro-5-pcs-plato-cuenco-vaso-y-cubiertos-en-caja-minnie-bold-florals-8412497812509.html
stock;8412497752508;Set de vaisselle 5 pièces Super Mario;Super Mario;Stor;75250;5,11;0;6;Sets de vaisselle;Template STOCK Mugs Vaisselle;Objets - mugs, vaisselle, papeterie, figurines, déco, jeux;25,5;8,5;25;0,186;https://storline.com/3539470-large_default/set-micro-5-pcs-plato-cuenco-vaso-y-cubiertos-en-caja-super-mario.jpg;https://storline.com/3539472-large_default/set-micro-5-pcs-plato-cuenco-vaso-y-cubiertos-en-caja-super-mario.jpg;https://storline.com/3539474-large_default/set-micro-5-pcs-plato-cuenco-vaso-y-cubiertos-en-caja-super-mario.jpg;actif;1;1;https://storline.com/es/vajillas-infantiles/1274-set-micro-5-pcs-plato-cuenco-vaso-y-cubiertos-en-caja-super-mario-8412497752508.html
stock;8412497409457;Tirelire métallique Bluey;Bluey;Stor;40945;1,33;0;6;Tirelires;Template STOCK Décorations;Objets - mugs, vaisselle, papeterie, figurines, déco, jeux;10;10;15;0,124;https://storline.com/3537727-large_default/hucha-metalica-bluey.jpg;https://storline.com/3537730-large_default/hucha-metalica-bluey.jpg;;actif;1;1;https://storline.com/es/huchas/388-hucha-metalica-bluey-8412497409457.html
stock;8412497448456;Tirelire métallique Dragon Ball Super;Dragon Ball;Stor;44845;1,33;0;6;Tirelires;Template STOCK Décorations;Objets - mugs, vaisselle, papeterie, figurines, déco, jeux;10;10;15;0,124;https://storline.com/3538018-large_default/hucha-metalica-dragon-ball-super.jpg;https://storline.com/3538020-large_default/hucha-metalica-dragon-ball-super.jpg;;actif;1;1;https://storline.com/es/huchas/411-hucha-metalica-dragon-ball-super-8412497448456.html
stock;8412497449354;Tirelire métallique La Reine des Neiges;La Reine des Neiges;Stor;44935;1,33;0;6;Tirelires;Template STOCK Décorations;Objets - mugs, vaisselle, papeterie, figurines, déco, jeux;10;10;15;0,124;https://storline.com/3538050-large_default/hucha-metalica-frozen-autumn-leaves.jpg;https://storline.com/3538054-large_default/hucha-metalica-frozen-autumn-leaves.jpg;https://storline.com/3538056-large_default/hucha-metalica-frozen-autumn-leaves.jpg;actif;1;1;https://storline.com/es/huchas/417-hucha-metalica-frozen-autumn-leaves-8412497449354.html
stock;8412497449057;Tirelire métallique Gabby et la Maison Magique;Gabby;Stor;44905;1,33;0;6;Tirelires;Template STOCK Décorations;Objets - mugs, vaisselle, papeterie, figurines, déco, jeux;10;10;15;0,124;https://storline.com/3538038-large_default/hucha-metalica-gabby-s-dollhouse.jpg;https://storline.com/3538040-large_default/hucha-metalica-gabby-s-dollhouse.jpg;;actif;1;1;https://storline.com/es/huchas/415-hucha-metalica-gabby-s-dollhouse-8412497449057.html
stock;8412497450053;Tirelire métallique Hello Kitty;Hello Kitty;Stor;45005;1,33;0;6;Tirelires;Template STOCK Décorations;Objets - mugs, vaisselle, papeterie, figurines, déco, jeux;10;10;15;0,124;https://storline.com/3538107-large_default/hucha-metalica-hello-kitty.jpg;https://storline.com/3538109-large_default/hucha-metalica-hello-kitty.jpg;https://storline.com/3538111-large_default/hucha-metalica-hello-kitty.jpg;actif;1;1;https://storline.com/es/huchas/422-hucha-metalica-hello-kitty-8412497450053.html
stock;8412497450152;Tirelire métallique Kuromi;Kuromi;Stor;45015;1,33;0;6;Tirelires;Template STOCK Décorations;Objets - mugs, vaisselle, papeterie, figurines, déco, jeux;10;10;15;0,124;https://storline.com/3538120-large_default/hucha-metalica-kuromi.jpg;https://storline.com/3538123-large_default/hucha-metalica-kuromi.jpg;https://storline.com/3538126-large_default/hucha-metalica-kuromi.jpg;actif;1;1;https://storline.com/es/huchas/423-hucha-metalica-kuromi-8412497450152.html
stock;8412497449453;Tirelire métallique Mickey;Mickey;Stor;44945;1,33;0;6;Tirelires;Template STOCK Décorations;Objets - mugs, vaisselle, papeterie, figurines, déco, jeux;10;10;15;0,124;https://storline.com/3538060-large_default/hucha-metalica-mickey-has-fun.jpg;https://storline.com/3538063-large_default/hucha-metalica-mickey-has-fun.jpg;https://storline.com/3538068-large_default/hucha-metalica-mickey-has-fun.jpg;actif;1;1;https://storline.com/es/huchas/418-hucha-metalica-mickey-has-fun-8412497449453.html
stock;8412497447459;Tirelire métallique Minecraft;Minecraft;Stor;44745;1,33;0;6;Tirelires;Template STOCK Décorations;Objets - mugs, vaisselle, papeterie, figurines, déco, jeux;10;10;15;0,124;https://storline.com/3537981-large_default/hucha-metalica-minecraft.jpg;https://storline.com/3537985-large_default/hucha-metalica-minecraft.jpg;https://storline.com/3537988-large_default/hucha-metalica-minecraft.jpg;actif;1;1;https://storline.com/es/huchas/407-hucha-metalica-minecraft-8412497447459.html
stock;8412497449552;Tirelire métallique Minnie;Minnie;Stor;44955;1,33;0;6;Tirelires;Template STOCK Décorations;Objets - mugs, vaisselle, papeterie, figurines, déco, jeux;10;10;15;0,124;https://storline.com/3538072-large_default/hucha-metalica-minnie-bold-florals.jpg;https://storline.com/3538076-large_default/hucha-metalica-minnie-bold-florals.jpg;https://storline.com/3538079-large_default/hucha-metalica-minnie-bold-florals.jpg;actif;1;1;https://storline.com/es/huchas/419-hucha-metalica-minnie-bold-florals-8412497449552.html
stock;8412497409358;Tirelire métallique One Piece;One Piece;Stor;40935;1,33;0;6;Tirelires;Template STOCK Décorations;Objets - mugs, vaisselle, papeterie, figurines, déco, jeux;10;10;15;0,124;https://storline.com/3537720-large_default/hucha-metalica-one-piece.jpg;https://storline.com/3537723-large_default/hucha-metalica-one-piece.jpg;;actif;1;1;https://storline.com/es/huchas/387-hucha-metalica-one-piece-8412497409358.html
stock;8412497449651;Tirelire métallique Pat' Patrouille;Pat Patrouille;Stor;44965;1,33;0;6;Tirelires;Template STOCK Décorations;Objets - mugs, vaisselle, papeterie, figurines, déco, jeux;10;10;15;0,124;https://storline.com/3538084-large_default/hucha-metalica-paw-patrol-boy-rescue-pups.jpg;https://storline.com/3538088-large_default/hucha-metalica-paw-patrol-boy-rescue-pups.jpg;https://storline.com/3538092-large_default/hucha-metalica-paw-patrol-boy-rescue-pups.jpg;actif;1;1;https://storline.com/es/huchas/420-hucha-metalica-paw-patrol-boy-rescue-pups-8412497449651.html
stock;8412497447756;Tirelire métallique Peppa Pig;Peppa Pig;Stor;44775;1,33;0;6;Tirelires;Template STOCK Décorations;Objets - mugs, vaisselle, papeterie, figurines, déco, jeux;10;10;15;0,124;https://storline.com/3537992-large_default/hucha-metalica-peppa-pig-kindness-counts.jpg;https://storline.com/3537995-large_default/hucha-metalica-peppa-pig-kindness-counts.jpg;https://storline.com/3537998-large_default/hucha-metalica-peppa-pig-kindness-counts.jpg;actif;1;1;https://storline.com/es/huchas/408-hucha-metalica-peppa-pig-kindness-counts-8412497447756.html
stock;8412497448258;Tirelire métallique Pokémon;Pokémon;Stor;44825;1,33;0;6;Tirelires;Template STOCK Décorations;Objets - mugs, vaisselle, papeterie, figurines, déco, jeux;10;10;15;0,124;https://storline.com/3538012-large_default/hucha-metalica-pokemon-distortion.jpg;https://storline.com/3538013-large_default/hucha-metalica-pokemon-distortion.jpg;;actif;1;1;https://storline.com/es/huchas/410-hucha-metalica-pokemon-distortion-8412497448258.html
stock;8412497449859;Tirelire métallique Disney Princesses;Disney Princesses;Stor;44985;1,33;0;6;Tirelires;Template STOCK Décorations;Objets - mugs, vaisselle, papeterie, figurines, déco, jeux;10;10;15;0,124;https://storline.com/3538096-large_default/hucha-metalica-princess-be-youtiful.jpg;https://storline.com/3538099-large_default/hucha-metalica-princess-be-youtiful.jpg;https://storline.com/3538102-large_default/hucha-metalica-princess-be-youtiful.jpg;actif;1;1;https://storline.com/es/huchas/421-hucha-metalica-princess-be-youtiful-8412497449859.html
stock;8412497448753;Tirelire métallique Sonic;Sonic;Stor;44875;1,33;0;6;Tirelires;Template STOCK Décorations;Objets - mugs, vaisselle, papeterie, figurines, déco, jeux;10;10;15;0,124;https://storline.com/3538029-large_default/hucha-metalica-sonic.jpg;https://storline.com/3538031-large_default/hucha-metalica-sonic.jpg;;actif;1;1;https://storline.com/es/huchas/413-hucha-metalica-sonic-8412497448753.html
stock;8412497449255;Tirelire métallique Spider-Man;Spider-Man;Stor;44925;1,33;0;6;Tirelires;Template STOCK Décorations;Objets - mugs, vaisselle, papeterie, figurines, déco, jeux;10;10;15;0,124;https://storline.com/3538043-large_default/hucha-metalica-spiderman-mob-rules.jpg;https://storline.com/3538045-large_default/hucha-metalica-spiderman-mob-rules.jpg;https://storline.com/3538047-large_default/hucha-metalica-spiderman-mob-rules.jpg;actif;1;1;https://storline.com/es/huchas/416-hucha-metalica-spiderman-mob-rules-8412497449255.html
stock;8412497448951;Tirelire métallique Stitch;Stitch;Stor;44895;1,33;0;6;Tirelires;Template STOCK Décorations;Objets - mugs, vaisselle, papeterie, figurines, déco, jeux;10;10;15;0,124;https://storline.com/3538033-large_default/hucha-metalica-stitch-palms.jpg;https://storline.com/3538035-large_default/hucha-metalica-stitch-palms.jpg;;actif;1;1;https://storline.com/es/huchas/414-hucha-metalica-stitch-palms-8412497448951.html
stock;8412497447954;Tirelire métallique Super Mario;Super Mario;Stor;44795;1,33;0;6;Tirelires;Template STOCK Décorations;Objets - mugs, vaisselle, papeterie, figurines, déco, jeux;10;10;15;0,124;https://storline.com/3538001-large_default/hucha-metalica-supermario.jpg;https://storline.com/3538004-large_default/hucha-metalica-supermario.jpg;https://storline.com/3538007-large_default/hucha-metalica-supermario.jpg;actif;1;1;https://storline.com/es/huchas/409-hucha-metalica-supermario-8412497447954.html
stock;8412497448654;Tirelire métallique Licorne;;Stor;44865;1,13;0;6;Tirelires;Template STOCK Décorations;Objets - mugs, vaisselle, papeterie, figurines, déco, jeux;10;10;15;0,124;https://storline.com/3538025-large_default/hucha-metalica-unicorn.jpg;https://storline.com/3538026-large_default/hucha-metalica-unicorn.jpg;;actif;1;1;https://storline.com/es/huchas/412-hucha-metalica-unicorn-8412497448654.html
